Workbook

Sheet Comparacao PVBtCalc
A1: ="PVBtCalc — planilha de comparacao (modelo RADIAL, "&$F$6&", "&TEXT($B$13,"0.00")&" C, alvo "&$B$18&" ft)"
A2: AMARELO = voce edita. VERDE = voce digita o que o PVBtCalc mostrou. Branco = calculado.
A4: CONSTANTES | B4: valor | C4: descricao | E4: SELETOR DO CASO DE TESTE | F4: escolha
A5: n | B5: =IFERROR(INDEX('Banco de teste'!$D$6:$D$23,MATCH($F$5&"|"&$F$6,'Banco de teste'!$I$6:$I$23,0)),"") | C5: Fator de area (Tabela 1, via seletor) | E5: Rocha | F5: Indiana Limestone
A6: a | B6: =IFERROR(INDEX('Banco de teste'!$E$6:$E$23,MATCH($F$5&"|"&$F$6,'Banco de teste'!$I$6:$I$23,0)),"") | C6: Coef. zona de permeabilidade (Tabela 1, via seletor) | E6: Sistema acido | F6: HCl com inibidor
A7: b | B7: =IFERROR(INDEX('Banco de teste'!$F$6:$F$23,MATCH($F$5&"|"&$F$6,'Banco de teste'!$I$6:$I$23,0)),"") | C7: Coef. de fluxo do wormhole (Tabela 1, via seletor) | E7: ff da rocha | F7: =IFERROR(INDEX('Banco de teste'!$H$6:$H$23,MATCH($F$5&"|"&$F$6,'Banco de teste'!$I$6:$I$23,0)),"?") | G7: informativo — nao entra no calculo radial hoje
A8: k0 | B8: =IFERROR(INDEX('Banco de teste'!$G$6:$G$23,MATCH($F$5&"|"&$F$6,'Banco de teste'!$I$6:$I$23,0)),"") | C8: Constante estatica (Tabela 1, via seletor) | E8: caso # | F8: =IFERROR(INDEX('Banco de teste'!$A$6:$A$23,MATCH($F$5&"|"&$F$6,'Banco de teste'!$I$6:$I$23,0)),"?")
A9: X | B9: 0.5417 | C9: Poder de dissolucao FIXO. No app X varia com a densidade do acido, logo com T (Eq. 4). | E9: f ja implementado no app? | F9: SIM | G9: mude para SIM depois que o backend passar a aplicar o flowing fraction
A10: L | B10: 1 | C10: Comprimento caracteristico (m) | E10: f aplicado no calculo | F10: =IF($F$9="SIM",$F$7,1) | G10: =IF($F$9="SIM","planilha multiplicando V_A e tbt por f="&TEXT($F$7,"0.00"),"f NAO aplicado (estado atual do app) -- V_A igual para todas as rochas")
A11: M | B11: 60 | C11: Tempo caracteristico, s (constante do artigo)
A12: ENTRADAS | B12: valor | C12: observacao | E12: FLOWRATE SWEEP (use isto no app) | F12: valor
A13: System Temperature (°C) | B13: 60 | C13: A UI e o export usam °C. O modelo calcula em Kelvin — conversao na linha 21. | E13: min [gal/(ft.min)] | F13: 0.09 | G13: sweep default ~ q_opt/10 .. q_opt*10 para o caso acima
A14: Core Porosity | B14: 0.2 | E14: max [gal/(ft.min)] | F14: 9.3
A15: Acid Concentration (w/w) | B15: 0.15 | E15: N pontos | F15: 80
A16: Wellbore Size (in) | B16: 6 | C16: modo DIAMETRO -> raio = 3 in (B22 = B16/2 em polegadas) | E16: passo linear | F16: =(F14-F13)/(F15-1)
A17: Payzone Thickness (ft) | B17: 1
A18: Target (ft) | B18: 10 | C18: comprimento do wormhole
A20: DERIVADOS | B20: valor
A21: T_K [K] (= °C + 273.15) — entra na Eq. 18 | B21: =$B$13+273.15
A22: r_w [m] | B22: =($B$16/2)*0.0254
A23: h_o [m] | B23: =$B$17*0.3048
A24: Dm [m2/s] | B24: =EXP(-2270/$B$21+1.326*$B$15-12.11)
A25: k_eff [1/s] | B25: =$B$8*$B$24
A26: A_o [m2] | B26: =2*PI()*$B$22*$B$23
A27: beta = r_w/L | B27: =$B$22/$B$10
A28: h = h_o/L | B28: =$B$23/$B$10
A29: lambda | B29: =$B$18*0.3048/$B$10
A30: coef alpha | B30: =($B$6*(2*$B$28*PI()*$B$10^2)^$B$5)/($B$26*($B$5+1))
A31: termo expansao | B31: =($B$27+$B$29)^($B$5+1)-$B$27^($B$5+1)
A32: SKIN (nao depende da vazao) | B32: =-LN(($B$22/0.3048+$B$18)/($B$22/0.3048))
A35: CURVA COMPLETA (Simulation Chart)
A36: q0 (gal/(ft.min)) | B36: q_o [m3/s] | C36: dv (m/s) | D36: iv (m/s) | E36: wv (m/s) | F36: 1/Da | G36: K | H36: alpha | I36: V_A [m3] | J36: V_A (gal/ft) | K36: tbt (s) | L36: target | M36: tau (adimensional, Eq. 41)
A37: =$F$13 | B37: =A37*(0.00378541178/60)*$B$17 | C37: =B37/$B$26 | D37: =C37/$B$14 | E37: =C37/($B$6*$B$26^($B$5-1)+$B$7*C37) | F37: =(1/(($B$6/$B$26)*(2*$B$28*PI()*$B$10^2*($B$27+$B$29))^$B$5+$B$7*C37))/G37 | G37: =$B$10*$B$25/C37 | H37: =$B$30*$B$31+$B$7*C37*$B$29 | I37: =IF(G37*H37>700,NA(),$F$10*($B$10*$B$26/($B$15*$B$9))*(EXP(G37*H37)-1)/G37) | J37: =IF(ISNA(I37),NA(),I37*264.172052/$B$17) | K37: =IF(ISNA(I37),NA(),I37/B37) | L37: =$B$18 | M37: =IF(ISNA(K37),NA(),K37/$B$11)
A38: =A37+$F$16 | B38: =A38*(0.00378541178/60)*$B$17 | C38: =B38/$B$26 | D38: =C38/$B$14 | E38: =C38/($B$6*$B$26^($B$5-1)+$B$7*C38) | F38: =(1/(($B$6/$B$26)*(2*$B$28*PI()*$B$10^2*($B$27+$B$29))^$B$5+$B$7*C38))/G38 | G38: =$B$10*$B$25/C38 | H38: =$B$30*$B$31+$B$7*C38*$B$29 | I38: =IF(G38*H38>700,NA(),$F$10*($B$10*$B$26/($B$15*$B$9))*(EXP(G38*H38)-1)/G38) | J38: =IF(ISNA(I38),NA(),I38*264.172052/$B$17) | K38: =IF(ISNA(I38),NA(),I38/B38) | L38: =$B$18 | M38: =IF(ISNA(K38),NA(),K38/$B$11)
A39: =A38+$F$16 | B39: =A39*(0.00378541178/60)*$B$17 | C39: =B39/$B$26 | D39: =C39/$B$14 | E39: =C39/($B$6*$B$26^($B$5-1)+$B$7*C39) | F39: =(1/(($B$6/$B$26)*(2*$B$28*PI()*$B$10^2*($B$27+$B$29))^$B$5+$B$7*C39))/G39 | G39: =$B$10*$B$25/C39 | H39: =$B$30*$B$31+$B$7*C39*$B$29 | I39: =IF(G39*H39>700,NA(),$F$10*($B$10*$B$26/($B$15*$B$9))*(EXP(G39*H39)-1)/G39) | J39: =IF(ISNA(I39),NA(),I39*264.172052/$B$17) | K39: =IF(ISNA(I39),NA(),I39/B39) | L39: =$B$18 | M39: =IF(ISNA(K39),NA(),K39/$B$11)
A40: =A39+$F$16 | B40: =A40*(0.00378541178/60)*$B$17 | C40: =B40/$B$26 | D40: =C40/$B$14 | E40: =C40/($B$6*$B$26^($B$5-1)+$B$7*C40) | F40: =(1/(($B$6/$B$26)*(2*$B$28*PI()*$B$10^2*($B$27+$B$29))^$B$5+$B$7*C40))/G40 | G40: =$B$10*$B$25/C40 | H40: =$B$30*$B$31+$B$7*C40*$B$29 | I40: =IF(G40*H40>700,NA(),$F$10*($B$10*$B$26/($B$15*$B$9))*(EXP(G40*H40)-1)/G40) | J40: =IF(ISNA(I40),NA(),I40*264.172052/$B$17) | K40: =IF(ISNA(I40),NA(),I40/B40) | L40: =$B$18 | M40: =IF(ISNA(K40),NA(),K40/$B$11)
A41: =A40+$F$16 | B41: =A41*(0.00378541178/60)*$B$17 | C41: =B41/$B$26 | D41: =C41/$B$14 | E41: =C41/($B$6*$B$26^($B$5-1)+$B$7*C41) | F41: =(1/(($B$6/$B$26)*(2*$B$28*PI()*$B$10^2*($B$27+$B$29))^$B$5+$B$7*C41))/G41 | G41: =$B$10*$B$25/C41 | H41: =$B$30*$B$31+$B$7*C41*$B$29 | I41: =IF(G41*H41>700,NA(),$F$10*($B$10*$B$26/($B$15*$B$9))*(EXP(G41*H41)-1)/G41) | J41: =IF(ISNA(I41),NA(),I41*264.172052/$B$17) | K41: =IF(ISNA(I41),NA(),I41/B41) | L41: =$B$18 | M41: =IF(ISNA(K41),NA(),K41/$B$11)
A42: =A41+$F$16 | B42: =A42*(0.00378541178/60)*$B$17 | C42: =B42/$B$26 | D42: =C42/$B$14 | E42: =C42/($B$6*$B$26^($B$5-1)+$B$7*C42) | F42: =(1/(($B$6/$B$26)*(2*$B$28*PI()*$B$10^2*($B$27+$B$29))^$B$5+$B$7*C42))/G42 | G42: =$B$10*$B$25/C42 | H42: =$B$30*$B$31+$B$7*C42*$B$29 | I42: =IF(G42*H42>700,NA(),$F$10*($B$10*$B$26/($B$15*$B$9))*(EXP(G42*H42)-1)/G42) | J42: =IF(ISNA(I42),NA(),I42*264.172052/$B$17) | K42: =IF(ISNA(I42),NA(),I42/B42) | L42: =$B$18 | M42: =IF(ISNA(K42),NA(),K42/$B$11)
A43: =A42+$F$16 | B43: =A43*(0.00378541178/60)*$B$17 | C43: =B43/$B$26 | D43: =C43/$B$14 | E43: =C43/($B$6*$B$26^($B$5-1)+$B$7*C43) | F43: =(1/(($B$6/$B$26)*(2*$B$28*PI()*$B$10^2*($B$27+$B$29))^$B$5+$B$7*C43))/G43 | G43: =$B$10*$B$25/C43 | H43: =$B$30*$B$31+$B$7*C43*$B$29 | I43: =IF(G43*H43>700,NA(),$F$10*($B$10*$B$26/($B$15*$B$9))*(EXP(G43*H43)-1)/G43) | J43: =IF(ISNA(I43),NA(),I43*264.172052/$B$17) | K43: =IF(ISNA(I43),NA(),I43/B43) | L43: =$B$18 | M43: =IF(ISNA(K43),NA(),K43/$B$11)
A44: =A43+$F$16 | B44: =A44*(0.00378541178/60)*$B$17 | C44: =B44/$B$26 | D44: =C44/$B$14 | E44: =C44/($B$6*$B$26^($B$5-1)+$B$7*C44) | F44: =(1/(($B$6/$B$26)*(2*$B$28*PI()*$B$10^2*($B$27+$B$29))^$B$5+$B$7*C44))/G44 | G44: =$B$10*$B$25/C44 | H44: =$B$30*$B$31+$B$7*C44*$B$29 | I44: =IF(G44*H44>700,NA(),$F$10*($B$10*$B$26/($B$15*$B$9))*(EXP(G44*H44)-1)/G44) | J44: =IF(ISNA(I44),NA(),I44*264.172052/$B$17) | K44: =IF(ISNA(I44),NA(),I44/B44) | L44: =$B$18 | M44: =IF(ISNA(K44),NA(),K44/$B$11)
A45: =A44+$F$16 | B45: =A45*(0.00378541178/60)*$B$17 | C45: =B45/$B$26 | D45: =C45/$B$14 | E45: =C45/($B$6*$B$26^($B$5-1)+$B$7*C45) | F45: =(1/(($B$6/$B$26)*(2*$B$28*PI()*$B$10^2*($B$27+$B$29))^$B$5+$B$7*C45))/G45 | G45: =$B$10*$B$25/C45 | H45: =$B$30*$B$31+$B$7*C45*$B$29 | I45: =IF(G45*H45>700,NA(),$F$10*($B$10*$B$26/($B$15*$B$9))*(EXP(G45*H45)-1)/G45) | J45: =IF(ISNA(I45),NA(),I45*264.172052/$B$17) | K45: =IF(ISNA(I45),NA(),I45/B45) | L45: =$B$18 | M45: =IF(ISNA(K45),NA(),K45/$B$11)
A46: =A45+$F$16 | B46: =A46*(0.00378541178/60)*$B$17 | C46: =B46/$B$26 | D46: =C46/$B$14 | E46: =C46/($B$6*$B$26^($B$5-1)+$B$7*C46) | F46: =(1/(($B$6/$B$26)*(2*$B$28*PI()*$B$10^2*($B$27+$B$29))^$B$5+$B$7*C46))/G46 | G46: =$B$10*$B$25/C46 | H46: =$B$30*$B$31+$B$7*C46*$B$29 | I46: =IF(G46*H46>700,NA(),$F$10*($B$10*$B$26/($B$15*$B$9))*(EXP(G46*H46)-1)/G46) | J46: =IF(ISNA(I46),NA(),I46*264.172052/$B$17) | K46: =IF(ISNA(I46),NA(),I46/B46) | L46: =$B$18 | M46: =IF(ISNA(K46),NA(),K46/$B$11)
A47: =A46+$F$16 | B47: =A47*(0.00378541178/60)*$B$17 | C47: =B47/$B$26 | D47: =C47/$B$14 | E47: =C47/($B$6*$B$26^($B$5-1)+$B$7*C47) | F47: =(1/(($B$6/$B$26)*(2*$B$28*PI()*$B$10^2*($B$27+$B$29))^$B$5+$B$7*C47))/G47 | G47: =$B$10*$B$25/C47 | H47: =$B$30*$B$31+$B$7*C47*$B$29 | I47: =IF(G47*H47>700,NA(),$F$10*($B$10*$B$26/($B$15*$B$9))*(EXP(G47*H47)-1)/G47) | J47: =IF(ISNA(I47),NA(),I47*264.172052/$B$17) | K47: =IF(ISNA(I47),NA(),I47/B47) | L47: =$B$18 | M47: =IF(ISNA(K47),NA(),K47/$B$11)
A48: =A47+$F$16 | B48: =A48*(0.00378541178/60)*$B$17 | C48: =B48/$B$26 | D48: =C48/$B$14 | E48: =C48/($B$6*$B$26^($B$5-1)+$B$7*C48) | F48: =(1/(($B$6/$B$26)*(2*$B$28*PI()*$B$10^2*($B$27+$B$29))^$B$5+$B$7*C48))/G48 | G48: =$B$10*$B$25/C48 | H48: =$B$30*$B$31+$B$7*C48*$B$29 | I48: =IF(G48*H48>700,NA(),$F$10*($B$10*$B$26/($B$15*$B$9))*(EXP(G48*H48)-1)/G48) | J48: =IF(ISNA(I48),NA(),I48*264.172052/$B$17) | K48: =IF(ISNA(I48),NA(),I48/B48) | L48: =$B$18 | M48: =IF(ISNA(K48),NA(),K48/$B$11)
A49: =A48+$F$16 | B49: =A49*(0.00378541178/60)*$B$17 | C49: =B49/$B$26 | D49: =C49/$B$14 | E49: =C49/($B$6*$B$26^($B$5-1)+$B$7*C49) | F49: =(1/(($B$6/$B$26)*(2*$B$28*PI()*$B$10^2*($B$27+$B$29))^$B$5+$B$7*C49))/G49 | G49: =$B$10*$B$25/C49 | H49: =$B$30*$B$31+$B$7*C49*$B$29 | I49: =IF(G49*H49>700,NA(),$F$10*($B$10*$B$26/($B$15*$B$9))*(EXP(G49*H49)-1)/G49) | J49: =IF(ISNA(I49),NA(),I49*264.172052/$B$17) | K49: =IF(ISNA(I49),NA(),I49/B49) | L49: =$B$18 | M49: =IF(ISNA(K49),NA(),K49/$B$11)
... A94: =A93+$F$16 | B94: =A94*(0.00378541178/60)*$B$17 | C94: =B94/$B$26 | D94: =C94/$B$14 | E94: =C94/($B$6*$B$26^($B$5-1)+$B$7*C94) | F94: =(1/(($B$6/$B$26)*(2*$B$28*PI()*$B$10^2*($B$27+$B$29))^$B$5+$B$7*C94))/G94 | G94: =$B$10*$B$25/C94 | H94: =$B$30*$B$31+$B$7*C94*$B$29 | I94: =IF(G94*H94>700,NA(),$F$10*($B$10*$B$26/($B$15*$B$9))*(EXP(G94*H94)-1)/G94) | J94: =IF(ISNA(I94),NA(),I94*264.172052/$B$17) | K94: =IF(ISNA(I94),NA(),I94/B94) | L94: =$B$18 | M94: =IF(ISNA(K94),NA(),K94/$B$11)
A95: =A94+$F$16 | B95: =A95*(0.00378541178/60)*$B$17 | C95: =B95/$B$26 | D95: =C95/$B$14 | E95: =B9=C95/($B$6*$B$26^($B$5-1)+$B$7*C95) | F95: =(1/(($B$6/$B$26)*(2*$B$28*PI()*$B$10^2*($B$27+$B$29))^$B$5+$B$7*C95))/G95 | G95: =$B$10*$B$25/C95 | H95: =$B$30*$B$31+$B$7*C95*$B$29 | I95: =IF(G95*H95>700,NA(),$F$10*($B$10*$B$26/($B$15*$B$9))*(EXP(G95*H95)-1)/G95) | J95: =IF(ISNA(I95),NA(),I95*264.172052/$B$17) | K95: =IF(ISNA(I95),NA(),I95/B95) | L95: =$B$18 | M95: =IF(ISNA(K95),NA(),K95/$B$11)
A96: =A95+$F$16 | B96: =A96*(0.00378541178/60)*$B$17 | C96: =B96/$B$26 | D96: =C96/$B$14 | E96: =C96/($B$6*$B$26^($B$5-1)+$B$7*C96) | F96: =(1/(($B$6/$B$26)*(2*$B$28*PI()*$B$10^2*($B$27+$B$29))^$B$5+$B$7*C96))/G96 | G96: =$B$10*$B$25/C96 | H96: =$B$30*$B$31+$B$7*C96*$B$29 | I96: =IF(G96*H96>700,NA(),$F$10*($B$10*$B$26/($B$15*$B$9))*(EXP(G96*H96)-1)/G96) | J96: =IF(ISNA(I96),NA(),I96*264.172052/$B$17) | K96: =IF(ISNA(I96),NA(),I96/B96) | L96: =$B$18 | M96: =IF(ISNA(K96),NA(),K96/$B$11)
A97: =A96+$F$16 | B97: =A97*(0.00378541178/60)*$B$17 | C97: =B97/$B$26 | D97: =C97/$B$14 | E97: =C97/($B$6*$B$26^($B$5-1)+$B$7*C97) | F97: =(1/(($B$6/$B$26)*(2*$B$28*PI()*$B$10^2*($B$27+$B$29))^$B$5+$B$7*C97))/G97 | G97: =$B$10*$B$25/C97 | H97: =$B$30*$B$31+$B$7*C97*$B$29 | I97: =IF(G97*H97>700,NA(),$F$10*($B$10*$B$26/($B$15*$B$9))*(EXP(G97*H97)-1)/G97) | J97: =IF(ISNA(I97),NA(),I97*264.172052/$B$17) | K97: =IF(ISNA(I97),NA(),I97/B97) | L97: =$B$18 | M97: =IF(ISNA(K97),NA(),K97/$B$11)
A98: =A97+$F$16 | B98: =A98*(0.00378541178/60)*$B$17 | C98: =B98/$B$26 | D98: =C98/$B$14 | E98: =C98/($B$6*$B$26^($B$5-1)+$B$7*C98) | F98: =(1/(($B$6/$B$26)*(2*$B$28*PI()*$B$10^2*($B$27+$B$29))^$B$5+$B$7*C98))/G98 | G98: =$B$10*$B$25/C98 | H98: =$B$30*$B$31+$B$7*C98*$B$29 | I98: =IF(G98*H98>700,NA(),$F$10*($B$10*$B$26/($B$15*$B$9))*(EXP(G98*H98)-1)/G98) | J98: =IF(ISNA(I98),NA(),I98*264.172052/$B$17) | K98: =IF(ISNA(I98),NA(),I98/B98) | L98: =$B$18 | M98: =IF(ISNA(K98),NA(),K98/$B$11)
A99: =A98+$F$16 | B99: =A99*(0.00378541178/60)*$B$17 | C99: =B99/$B$26 | D99: =C99/$B$14 | E99: =C99/($B$6*$B$26^($B$5-1)+$B$7*C99) | F99: =(1/(($B$6/$B$26)*(2*$B$28*PI()*$B$10^2*($B$27+$B$29))^$B$5+$B$7*C99))/G99 | G99: =$B$10*$B$25/C99 | H99: =$B$30*$B$31+$B$7*C99*$B$29 | I99: =IF(G99*H99>700,NA(),$F$10*($B$10*$B$26/($B$15*$B$9))*(EXP(G99*H99)-1)/G99) | J99: =IF(ISNA(I99),NA(),I99*264.172052/$B$17) | K99: =IF(ISNA(I99),NA(),I99/B99) | L99: =$B$18 | M99: =IF(ISNA(K99),NA(),K99/$B$11)
A100: =A99+$F$16 | B100: =A100*(0.00378541178/60)*$B$17 | C100: =B100/$B$26 | D100: =C100/$B$14 | E100: =C100/($B$6*$B$26^($B$5-1)+$B$7*C100) | F100: =(1/(($B$6/$B$26)*(2*$B$28*PI()*$B$10^2*($B$27+$B$29))^$B$5+$B$7*C100))/G100 | G100: =$B$10*$B$25/C100 | H100: =$B$30*$B$31+$B$7*C100*$B$29 | I100: =IF(G100*H100>700,NA(),$F$10*($B$10*$B$26/($B$15*$B$9))*(EXP(G100*H100)-1)/G100) | J100: =IF(ISNA(I100),NA(),I100*264.172052/$B$17) | K100: =IF(ISNA(I100),NA(),I100/B100) | L100: =$B$18 | M100: =IF(ISNA(K100),NA(),K100/$B$11)
A101: =A100+$F$16 | B101: =A101*(0.00378541178/60)*$B$17 | C101: =B101/$B$26 | D101: =C101/$B$14 | E101: =C101/($B$6*$B$26^($B$5-1)+$B$7*C101) | F101: =(1/(($B$6/$B$26)*(2*$B$28*PI()*$B$10^2*($B$27+$B$29))^$B$5+$B$7*C101))/G101 | G101: =$B$10*$B$25/C101 | H101: =$B$30*$B$31+$B$7*C101*$B$29 | I101: =IF(G101*H101>700,NA(),$F$10*($B$10*$B$26/($B$15*$B$9))*(EXP(G101*H101)-1)/G101) | J101: =IF(ISNA(I101),NA(),I101*264.172052/$B$17) | K101: =IF(ISNA(I101),NA(),I101/B101) | L101: =$B$18 | M101: =IF(ISNA(K101),NA(),K101/$B$11)
A102: =A101+$F$16 | B102: =A102*(0.00378541178/60)*$B$17 | C102: =B102/$B$26 | D102: =C102/$B$14 | E102: =C102/($B$6*$B$26^($B$5-1)+$B$7*C102) | F102: =(1/(($B$6/$B$26)*(2*$B$28*PI()*$B$10^2*($B$27+$B$29))^$B$5+$B$7*C102))/G102 | G102: =$B$10*$B$25/C102 | H102: =$B$30*$B$31+$B$7*C102*$B$29 | I102: =IF(G102*H102>700,NA(),$F$10*($B$10*$B$26/($B$15*$B$9))*(EXP(G102*H102)-1)/G102) | J102: =IF(ISNA(I102),NA(),I102*264.172052/$B$17) | K102: =IF(ISNA(I102),NA(),I102/B102) | L102: =$B$18 | M102: =IF(ISNA(K102),NA(),K102/$B$11)
A103: =A102+$F$16 | B103: =A103*(0.00378541178/60)*$B$17 | C103: =B103/$B$26 | D103: =C103/$B$14 | E103: =C103/($B$6*$B$26^($B$5-1)+$B$7*C103) | F103: =(1/(($B$6/$B$26)*(2*$B$28*PI()*$B$10^2*($B$27+$B$29))^$B$5+$B$7*C103))/G103 | G103: =$B$10*$B$25/C103 | H103: =$B$30*$B$31+$B$7*C103*$B$29 | I103: =IF(G103*H103>700,NA(),$F$10*($B$10*$B$26/($B$15*$B$9))*(EXP(G103*H103)-1)/G103) | J103: =IF(ISNA(I103),NA(),I103*264.172052/$B$17) | K103: =IF(ISNA(I103),NA(),I103/B103) | L103: =$B$18 | M103: =IF(ISNA(K103),NA(),K103/$B$11)
A104: =A103+$F$16 | B104: =A104*(0.00378541178/60)*$B$17 | C104: =B104/$B$26 | D104: =C104/$B$14 | E104: =C104/($B$6*$B$26^($B$5-1)+$B$7*C104) | F104: =(1/(($B$6/$B$26)*(2*$B$28*PI()*$B$10^2*($B$27+$B$29))^$B$5+$B$7*C104))/G104 | G104: =$B$10*$B$25/C104 | H104: =$B$30*$B$31+$B$7*C104*$B$29 | I104: =IF(G104*H104>700,NA(),$F$10*($B$10*$B$26/($B$15*$B$9))*(EXP(G104*H104)-1)/G104) | J104: =IF(ISNA(I104),NA(),I104*264.172052/$B$17) | K104: =IF(ISNA(I104),NA(),I104/B104) | L104: =$B$18 | M104: =IF(ISNA(K104),NA(),K104/$B$11)
A105: =A104+$F$16 | B105: =A105*(0.00378541178/60)*$B$17 | C105: =B105/$B$26 | D105: =C105/$B$14 | E105: =C105/($B$6*$B$26^($B$5-1)+$B$7*C105) | F105: =(1/(($B$6/$B$26)*(2*$B$28*PI()*$B$10^2*($B$27+$B$29))^$B$5+$B$7*C105))/G105 | G105: =$B$10*$B$25/C105 | H105: =$B$30*$B$31+$B$7*C105*$B$29 | I105: =IF(G105*H105>700,NA(),$F$10*($B$10*$B$26/($B$15*$B$9))*(EXP(G105*H105)-1)/G105) | J105: =IF(ISNA(I105),NA(),I105*264.172052/$B$17) | K105: =IF(ISNA(I105),NA(),I105/B105) | L105: =$B$18 | M105: =IF(ISNA(K105),NA(),K105/$B$11)
A106: =A105+$F$16 | B106: =A106*(0.00378541178/60)*$B$17 | C106: =B106/$B$26 | D106: =C106/$B$14 | E106: =C106/($B$6*$B$26^($B$5-1)+$B$7*C106) | F106: =(1/(($B$6/$B$26)*(2*$B$28*PI()*$B$10^2*($B$27+$B$29))^$B$5+$B$7*C106))/G106 | G106: =$B$10*$B$25/C106 | H106: =$B$30*$B$31+$B$7*C106*$B$29 | I106: =IF(G106*H106>700,NA(),$F$10*($B$10*$B$26/($B$15*$B$9))*(EXP(G106*H106)-1)/G106) | J106: =IF(ISNA(I106),NA(),I106*264.172052/$B$17) | K106: =IF(ISNA(I106),NA(),I106/B106) | L106: =$B$18 | M106: =IF(ISNA(K106),NA(),K106/$B$11)
A107: =A106+$F$16 | B107: =A107*(0.00378541178/60)*$B$17 | C107: =B107/$B$26 | D107: =C107/$B$14 | E107: =C107/($B$6*$B$26^($B$5-1)+$B$7*C107) | F107: =(1/(($B$6/$B$26)*(2*$B$28*PI()*$B$10^2*($B$27+$B$29))^$B$5+$B$7*C107))/G107 | G107: =$B$10*$B$25/C107 | H107: =$B$30*$B$31+$B$7*C107*$B$29 | I107: =IF(G107*H107>700,NA(),$F$10*($B$10*$B$26/($B$15*$B$9))*(EXP(G107*H107)-1)/G107) | J107: =IF(ISNA(I107),NA(),I107*264.172052/$B$17) | K107: =IF(ISNA(I107),NA(),I107/B107) | L107: =$B$18 | M107: =IF(ISNA(K107),NA(),K107/$B$11)
... A116: =A115+$F$16 | B116: =A116*(0.00378541178/60)*$B$17 | C116: =B116/$B$26 | D116: =C116/$B$14 | E116: =C116/($B$6*$B$26^($B$5-1)+$B$7*C116) | F116: =(1/(($B$6/$B$26)*(2*$B$28*PI()*$B$10^2*($B$27+$B$29))^$B$5+$B$7*C116))/G116 | G116: =$B$10*$B$25/C116 | H116: =$B$30*$B$31+$B$7*C116*$B$29 | I116: =IF(G116*H116>700,NA(),$F$10*($B$10*$B$26/($B$15*$B$9))*(EXP(G116*H116)-1)/G116) | J116: =IF(ISNA(I116),NA(),I116*264.172052/$B$17) | K116: =IF(ISNA(I116),NA(),I116/B116) | L116: =$B$18 | M116: =IF(ISNA(K116),NA(),K116/$B$11)
A118: q_opt E JANELA DE VALIDADE | B118: planilha | C118: PVBtCalc
A119: V_A minimo [gal/ft] | B119: =MIN(J37:J116) | D119: =IF(C119="","",ABS(C119-B119)/B119)
A120: q_opt [gal/(ft.min)] | B120: =INDEX(A37:A116,MATCH(MIN(J37:J116),J37:J116,0)) | D120: =IF(C120="","",ABS(C120-B120)/B120)
A121: validity_min [gal/(ft.min)] | B121: =B120/10 | D121: =IF(C121="","",ABS(C121-B121)/B121)
A122: validity_max [gal/(ft.min)] | B122: =B120*10 | D122: =IF(C122="","",ABS(C122-B122)/B122)
A123: minimo interior? | B123: =IF(OR(MATCH(MIN(J37:J116),J37:J116,0)=1,MATCH(MIN(J37:J116),J37:J116,0)=80),"NAO — o minimo caiu na borda do sweep; q_opt esta fora de F13:F14, amplie","SIM")
A124: caso dentro do dominio pratico? | B124: =IF(B119>700,"NAO — V_A acima de 700 gal/ft (faixa de campo de Burton et al., 5–700). Reduza o alvo ou a temperatura.",IF(B119<5,"abaixo de 5 gal/ft — verifique o alvo","SIM"))
A125: PONTOS DE COMPARACAO — leia da TABELA (painel 05), nao do grafico
A126: q0 [gal/(ft.min)] | B126: V_A planilha [gal/ft] | C126: V_A PVBtCalc [gal/ft] | D126: dif % | E126: por que este ponto
A127: 0.1008 | B127: =IF((($B$10*$B$25)/((A127*0.00378541178/60*$B$17)/$B$26)) * ($B$30*$B$31+$B$7*((A127*0.00378541178/60*$B$17)/$B$26)*$B$29)>700, NA(), (($B$10*$B$26/($B$15*$B$9))*(EXP((($B$10*$B$25)/((A127*0.00378541178/60*$B$17)/$B$26))*($B$30*$B$31+$B$7*((A127*0.00378541178/60*$B$17)/$B$26)*$B$29))-1)/(($B$10*$B$25)/((A127*0.00378541178/60*$B$17)/$B$26))))*264.172052/$B$17 | D127: =IF(C127="","",ABS(C127-B127)/B127) | E127: extremo inferior — testa o termo exponencial, onde erro de formula amplifica
A128: 0.85871392 | B128: =IF((($B$10*$B$25)/((A128*0.00378541178/60*$B$17)/$B$26)) * ($B$30*$B$31+$B$7*((A128*0.00378541178/60*$B$17)/$B$26)*$B$29)>700, NA(), (($B$10*$B$26/($B$15*$B$9))*(EXP((($B$10*$B$25)/((A128*0.00378541178/60*$B$17)/$B$26))*($B$30*$B$31+$B$7*((A128*0.00378541178/60*$B$17)/$B$26)*$B$29))-1)/(($B$10*$B$25)/((A128*0.00378541178/60*$B$17)/$B$26))))*264.172052/$B$17 | D128: =IF(C128="","",ABS(C128-B128)/B128) | E128: ainda na subida — sensivel
A129: 1.2376709 | B129: =IF((($B$10*$B$25)/((A129*0.00378541178/60*$B$17)/$B$26)) * ($B$30*$B$31+$B$7*((A129*0.00378541178/60*$B$17)/$B$26)*$B$29)>700, NA(), (($B$10*$B$26/($B$15*$B$9))*(EXP((($B$10*$B$25)/((A129*0.00378541178/60*$B$17)/$B$26))*($B$30*$B$31+$B$7*((A129*0.00378541178/60*$B$17)/$B$26)*$B$29))-1)/(($B$10*$B$25)/((A129*0.00378541178/60*$B$17)/$B$26))))*264.172052/$B$17 | D129: =IF(C129="","",ABS(C129-B129)/B129) | E129: entrando no fundo do U
A130: 1.4903089 | B130: =IF((($B$10*$B$25)/((A130*0.00378541178/60*$B$17)/$B$26)) * ($B$30*$B$31+$B$7*((A130*0.00378541178/60*$B$17)/$B$26)*$B$29)>700, NA(), (($B$10*$B$26/($B$15*$B$9))*(EXP((($B$10*$B$25)/((A130*0.00378541178/60*$B$17)/$B$26))*($B$30*$B$31+$B$7*((A130*0.00378541178/60*$B$17)/$B$26)*$B$29))-1)/(($B$10*$B$25)/((A130*0.00378541178/60*$B$17)/$B$26))))*264.172052/$B$17 | D130: =IF(C130="","",ABS(C130-B130)/B130) | E130: PERTO DO MINIMO — se bater aqui, a curva toda provavelmente esta certa
A131: 1.7429468 | B131: =IF((($B$10*$B$25)/((A131*0.00378541178/60*$B$17)/$B$26)) * ($B$30*$B$31+$B$7*((A131*0.00378541178/60*$B$17)/$B$26)*$B$29)>700, NA(), (($B$10*$B$26/($B$15*$B$9))*(EXP((($B$10*$B$25)/((A131*0.00378541178/60*$B$17)/$B$26))*($B$30*$B$31+$B$7*((A131*0.00378541178/60*$B$17)/$B$26)*$B$29))-1)/(($B$10*$B$25)/((A131*0.00378541178/60*$B$17)/$B$26))))*264.172052/$B$17 | D131: =IF(C131="","",ABS(C131-B131)/B131) | E131: saindo do minimo
A132: 5.6588354 | B132: =IF((($B$10*$B$25)/((A132*0.00378541178/60*$B$17)/$B$26)) * ($B$30*$B$31+$B$7*((A132*0.00378541178/60*$B$17)/$B$26)*$B$29)>700, NA(), (($B$10*$B$26/($B$15*$B$9))*(EXP((($B$10*$B$25)/((A132*0.00378541178/60*$B$17)/$B$26))*($B$30*$B$31+$B$7*((A132*0.00378541178/60*$B$17)/$B$26)*$B$29))-1)/(($B$10*$B$25)/((A132*0.00378541178/60*$B$17)/$B$26))))*264.172052/$B$17 | D132: =IF(C132="","",ABS(C132-B132)/B132) | E132: ramo direito
A133: 10.08 | B133: =IF((($B$10*$B$25)/((A133*0.00378541178/60*$B$17)/$B$26)) * ($B$30*$B$31+$B$7*((A133*0.00378541178/60*$B$17)/$B$26)*$B$29)>700, NA(), (($B$10*$B$26/($B$15*$B$9))*(EXP((($B$10*$B$25)/((A133*0.00378541178/60*$B$17)/$B$26))*($B$30*$B$31+$B$7*((A133*0.00378541178/60*$B$17)/$B$26)*$B$29))-1)/(($B$10*$B$25)/((A133*0.00378541178/60*$B$17)/$B$26))))*264.172052/$B$17 | D133: =IF(C133="","",ABS(C133-B133)/B133) | E133: extremo superior do sweep
A136: SKIN (aba Skin Evolution) — nao depende da vazao
A137: skin no Target | B137: =$B$32 | D137: =IF(C137="","",ABS(C137-B137)/B137) | E137: formula: -LN((r_w+l)/r_w), r_w e l em pes
A140: COMO USAR
A141: 1. No PVBtCalc: modo Radial, Acid System = o mesmo escolhido em F6 (confira k0 em B8).
A142: 2. Preencha a geometria com os mesmos valores do bloco amarelo. Temperatura em °C nos dois.
A143: 3. Flowrate sweep: use os mesmos valores de F13/F14, em gal/(ft.min).
A144: Confira a janela de validade calculada em B121/B122 -- se o sweep estiver todo fora dela, ajuste.
A145: 4. Calculate. Leia os valores da TABELA do painel 05, NAO do grafico
A146: (ler do grafico introduz ~0.5% de erro so por interpolacao visual).
A147: 5. Digite os valores lidos nas celulas VERDES. A coluna 'dif %' calcula sozinha.
A149: TOLERANCIA ESPERADA:
A150: ate ~0.5% -> normal a ~25 C (a planilha usa X fixo = 0.5417; o app recalcula X com a densidade)
A151: a tolerancia CRESCE com a temperatura: ~2% a 65 C e ~6% a 150 C, so por causa do X.
A152: acima de 0.5% nos pontos da curva -> investigar, nao e arredondamento
... A163: e o modelo dizendo que o acido se consome antes de chegar la. B124 sinaliza isso.

Sheet Banco de teste
A1: BANCO DE COMBINACOES PARA TESTE — 6 rochas x 3 sistemas acidos = 18 casos
A2: Coeficientes da Tabela 1 (Ali & Ziauddin, 2019). Todas as 6 rochas sao CALCARIO.
A3: Por isso a/b/n/k0 dependem SO do acido -- repetem identicos entre as rochas. A rocha muda apenas o ff.
A5: # | B5: rocha | C5: acido | D5: n | E5: a [(m)^2(1-n)] | F5: b [s/m] | G5: k0 [1/m2] | H5: ff (rocha) | I5: id
A6: 1 | B6: Indiana Limestone | C6: HCl (sem inibidor) | D6: 0.65 | E6: 0.000268 | F6: 17.3 | G6: 24300000 | H6: 1 | I6: Indiana Limestone|HCl (sem inibidor)
A7: 2 | B7: Indiana Limestone | C7: HCl com inibidor | D7: 0.65 | E7: 0.00051 | F7: 35.1 | G7: 2430000 | H7: 1 | I7: Indiana Limestone|HCl com inibidor
A8: 3 | B8: Indiana Limestone | C8: Acido emulsificado | D8: 0.65 | E8: 0.000461 | F8: 15.5 | G8: 28500000 | H8: 1 | I8: Indiana Limestone|Acido emulsificado
A9: 4 | B9: Austin Chalk | C9: HCl (sem inibidor) | D9: 0.65 | E9: 0.000268 | F9: 17.3 | G9: 24300000 | H9: 0.92 | I9: Austin Chalk|HCl (sem inibidor)
A10: 5 | B10: Austin Chalk | C10: HCl com inibidor | D10: 0.65 | E10: 0.00051 | F10: 35.1 | G10: 2430000 | H10: 0.92 | I10: Austin Chalk|HCl com inibidor
A11: 6 | B11: Austin Chalk | C11: Acido emulsificado | D11: 0.65 | E11: 0.000461 | F11: 15.5 | G11: 28500000 | H11: 0.92 | I11: Austin Chalk|Acido emulsificado
A12: 7 | B12: Edwards Yellow | C12: HCl (sem inibidor) | D12: 0.65 | E12: 0.000268 | F12: 17.3 | G12: 24300000 | H12: 0.91 | I12: Edwards Yellow|HCl (sem inibidor)
A13: 8 | B13: Edwards Yellow | C13: HCl com inibidor | D13: 0.65 | E13: 0.00051 | F13: 35.1 | G13: 2430000 | H13: 0.91 | I13: Edwards Yellow|HCl com inibidor
A14: 9 | B14: Edwards Yellow | C14: Acido emulsificado | D14: 0.65 | E14: 0.000461 | F14: 15.5 | G14: 28500000 | H14: 0.91 | I14: Edwards Yellow|Acido emulsificado
A15: 10 | B15: Desert Pink | C15: HCl (sem inibidor) | D15: 0.65 | E15: 0.000268 | F15: 17.3 | G15: 24300000 | H15: 0.75 | I15: Desert Pink|HCl (sem inibidor)
A16: 11 | B16: Desert Pink | C16: HCl com inibidor | D16: 0.65 | E16: 0.00051 | F16: 35.1 | G16: 2430000 | H16: 0.75 | I16: Desert Pink|HCl com inibidor
A17: 12 | B17: Desert Pink | C17: Acido emulsificado | D17: 0.65 | E17: 0.000461 | F17: 15.5 | G17: 28500000 | H17: 0.75 | I17: Desert Pink|Acido emulsificado
... A23: 18 | B23: Edwards White | C23: Acido emulsificado | D23: 0.65 | E23: 0.000461 | F23: 15.5 | G23: 28500000 | H23: 0.52 | I23: Edwards White|Acido emulsificado
A25: COMO USAR
A26: 1. Na aba principal, escolha a rocha (F5) e o acido (F6) nas listas suspensas.
A27: 2. Os coeficientes n/a/b/k0 sao puxados daqui automaticamente -- nao digite a mao.
A28: 3. Rode o mesmo caso no PVBtCalc e cole os resultados nas celulas verdes.
A29: 4. Para varrer os 18 casos: mude os seletores e repita. Esperado ~0.13% de diferenca
A30: (vem do X: planilha usa 0.5417, app usa 0.5424).
A32: O QUE ESPERAR AO TROCAR DE ROCHA:
A33: NADA muda no resultado radial. As 6 rochas sao calcario e compartilham a mesma linha
A34: da Tabela 1 -- confira acima: a/b/n/k0 sao identicos nas 3 linhas de cada acido.
A35: O ff (flowing fraction) difere por rocha, mas hoje NAO entra no modelo radial.
A36: Se um dia entrar, sera como fator multiplicativo em V_A e tau -- entao o V_A de
A37: Edwards White (ff=0.52) ficaria ~metade do de Indiana (ff=1.00).
... A41: q_opt maior, volume diferente. E a unica variavel que realmente move o modelo hoje.
